 format: day,hour,forecast,value  location:93_131 Start : 20250709 
 9,0200,+6,28.000000 
 9,0200,+7,27.000000 
 9,0200,+8,26.000000 
 9,0200,+9,25.000000 
 9,0200,+10,24.000000 
 9,0200,+11,23.000000 
 9,0200,+12,23.000000 
 9,0200,+13,22.000000 
 9,0200,+14,22.000000 
 9,0200,+15,22.000000 
 9,0200,+16,22.000000 
 9,0200,+17,22.000000 
 9,0200,+18,22.000000 
 9,0200,+19,22.000000 
 9,0200,+20,23.000000 
 9,0200,+21,24.000000 
 9,0200,+22,25.000000 
 9,0200,+23,25.000000 
 9,0200,+24,26.000000 
 9,0200,+25,26.000000 
 9,0200,+26,26.000000 
 9,0200,+27,26.000000 
 9,0200,+28,25.000000 
 9,0200,+29,25.000000 
 9,0200,+30,25.000000 
 9,0200,+31,24.000000 
 9,0200,+32,24.000000 
 9,0200,+33,24.000000 
 9,0200,+34,23.000000 
 9,0200,+35,23.000000 
 9,0200,+36,23.000000 
 9,0200,+37,22.000000 
 9,0200,+38,22.000000 
 9,0200,+39,22.000000 
 9,0200,+40,22.000000 
 9,0200,+41,22.000000 
 9,0200,+42,22.000000 
 9,0200,+43,22.000000 
 9,0200,+44,23.000000 
 9,0200,+45,23.000000 
 9,0200,+46,24.000000 
 9,0200,+47,24.000000 
 9,0200,+48,25.000000 
 9,0200,+49,25.000000 
 9,0200,+50,25.000000 
 9,0200,+51,25.000000 
 9,0200,+52,25.000000 
 9,0200,+53,25.000000 
 9,0200,+54,25.000000 
 9,0200,+55,24.000000 
 9,0200,+56,24.000000 
 9,0200,+57,23.000000 
 9,0200,+58,23.000000 
 9,0200,+59,23.000000 
 9,0200,+60,22.000000 
 9,0200,+61,22.000000 
 9,0200,+64,21.000000 
 9,0200,+67,21.000000 
 9,0200,+70,24.000000 
 9,0200,+73,26.000000 
 9,0200,+76,27.000000 
 9,0200,+79,26.000000 
 9,0200,+82,23.000000 
 9,0200,+85,22.000000 
 9,0500,+6,25.000000 
 9,0500,+7,24.000000 
 9,0500,+8,23.000000 
 9,0500,+9,23.000000 
 9,0500,+10,22.000000 
 9,0500,+11,22.000000 
 9,0500,+12,22.000000 
 9,0500,+13,22.000000 
 9,0500,+14,22.000000 
 9,0500,+15,22.000000 
 9,0500,+16,22.000000 
 9,0500,+17,23.000000 
 9,0500,+18,24.000000 
 9,0500,+19,25.000000 
 9,0500,+20,25.000000 
 9,0500,+21,26.000000 
 9,0500,+22,26.000000 
 9,0500,+23,26.000000 
 9,0500,+24,26.000000 
 9,0500,+25,25.000000 
 9,0500,+26,25.000000 
 9,0500,+27,25.000000 
 9,0500,+28,24.000000 
 9,0500,+29,24.000000 
 9,0500,+30,24.000000 
 9,0500,+31,23.000000 
 9,0500,+32,23.000000 
 9,0500,+33,23.000000 
 9,0500,+34,22.000000 
 9,0500,+35,22.000000 
 9,0500,+36,22.000000 
 9,0500,+37,22.000000 
 9,0500,+38,22.000000 
 9,0500,+39,22.000000 
 9,0500,+40,22.000000 
 9,0500,+41,23.000000 
 9,0500,+42,23.000000 
 9,0500,+43,24.000000 
 9,0500,+44,24.000000 
 9,0500,+45,25.000000 
 9,0500,+46,25.000000 
 9,0500,+47,25.000000 
 9,0500,+48,25.000000 
 9,0500,+49,25.000000 
 9,0500,+50,25.000000 
 9,0500,+51,25.000000 
 9,0500,+52,24.000000 
 9,0500,+53,24.000000 
 9,0500,+54,23.000000 
 9,0500,+55,23.000000 
 9,0500,+56,23.000000 
 9,0500,+57,22.000000 
 9,0500,+58,22.000000 
 9,0500,+61,21.000000 
 9,0500,+64,21.000000 
 9,0500,+67,24.000000 
 9,0500,+70,26.000000 
 9,0500,+73,27.000000 
 9,0500,+76,26.000000 
 9,0500,+79,23.000000 
 9,0500,+82,22.000000 
 9,0800,+6,23.000000 
 9,0800,+7,22.000000 
 9,0800,+8,22.000000 
 9,0800,+9,22.000000 
 9,0800,+10,22.000000 
 9,0800,+11,22.000000 
 9,0800,+12,22.000000 
 9,0800,+13,22.000000 
 9,0800,+14,23.000000 
 9,0800,+15,24.000000 
 9,0800,+16,25.000000 
 9,0800,+17,25.000000 
 9,0800,+18,26.000000 
 9,0800,+19,26.000000 
 9,0800,+20,26.000000 
 9,0800,+21,26.000000 
 9,0800,+22,25.000000 
 9,0800,+23,25.000000 
 9,0800,+24,25.000000 
 9,0800,+25,24.000000 
 9,0800,+26,24.000000 
 9,0800,+27,24.000000 
 9,0800,+28,23.000000 
 9,0800,+29,23.000000 
 9,0800,+30,23.000000 
 9,0800,+31,22.000000 
 9,0800,+32,22.000000 
 9,0800,+33,22.000000 
 9,0800,+34,22.000000 
 9,0800,+35,22.000000 
 9,0800,+36,22.000000 
 9,0800,+37,22.000000 
 9,0800,+38,23.000000 
 9,0800,+39,23.000000 
 9,0800,+40,24.000000 
 9,0800,+41,24.000000 
 9,0800,+42,25.000000 
 9,0800,+43,25.000000 
 9,0800,+44,25.000000 
 9,0800,+45,25.000000 
 9,0800,+46,25.000000 
 9,0800,+47,25.000000 
 9,0800,+48,25.000000 
 9,0800,+49,24.000000 
 9,0800,+50,24.000000 
 9,0800,+51,23.000000 
 9,0800,+52,23.000000 
 9,0800,+53,23.000000 
 9,0800,+54,22.000000 
 9,0800,+55,22.000000 
 9,0800,+56,22.000000 
 9,0800,+57,21.000000 
 9,0800,+58,21.000000 
 9,0800,+59,21.000000 
 9,0800,+60,21.000000 
 9,0800,+61,21.000000 
 9,0800,+62,23.000000 
 9,0800,+63,23.000000 
 9,0800,+64,24.000000 
 9,0800,+65,25.000000 
 9,0800,+66,26.000000 
 9,0800,+67,26.000000 
 9,0800,+68,26.000000 
 9,0800,+69,27.000000 
 9,0800,+70,27.000000 
 9,0800,+71,27.000000 
 9,0800,+72,26.000000 
 9,0800,+73,26.000000 
 9,0800,+74,25.000000 
 9,0800,+75,24.000000 
 9,0800,+76,23.000000 
 9,0800,+77,23.000000 
 9,0800,+78,23.000000 
 9,0800,+79,22.000000 
 9,0800,+82,24.000000 
 9,0800,+85,24.000000 
 9,0800,+88,29.000000 
 9,0800,+91,32.000000 
 9,0800,+94,31.000000 
 9,0800,+97,31.000000 
 9,0800,+100,27.000000 
 9,0800,+103,25.000000 
 9,1100,+6,22.000000 
 9,1100,+7,22.000000 
 9,1100,+8,22.000000 
 9,1100,+9,22.000000 
 9,1100,+10,22.000000 
 9,1100,+11,23.000000 
 9,1100,+12,24.000000 
 9,1100,+13,25.000000 
 9,1100,+14,25.000000 
 9,1100,+15,26.000000 
 9,1100,+16,26.000000 
 9,1100,+17,26.000000 
 9,1100,+18,26.000000 
 9,1100,+19,25.000000 
 9,1100,+20,25.000000 
 9,1100,+21,25.000000 
 9,1100,+22,24.000000 
 9,1100,+23,24.000000 
 9,1100,+24,24.000000 
 9,1100,+25,23.000000 
 9,1100,+26,23.000000 
 9,1100,+27,23.000000 
 9,1100,+28,22.000000 
 9,1100,+29,22.000000 
 9,1100,+30,22.000000 
 9,1100,+31,22.000000 
 9,1100,+32,22.000000 
 9,1100,+33,22.000000 
 9,1100,+34,22.000000 
 9,1100,+35,23.000000 
 9,1100,+36,23.000000 
 9,1100,+37,24.000000 
 9,1100,+38,24.000000 
 9,1100,+39,25.000000 
 9,1100,+40,25.000000 
 9,1100,+41,25.000000 
 9,1100,+42,25.000000 
 9,1100,+43,25.000000 
 9,1100,+44,25.000000 
 9,1100,+45,25.000000 
 9,1100,+46,24.000000 
 9,1100,+47,24.000000 
 9,1100,+48,23.000000 
 9,1100,+49,23.000000 
 9,1100,+50,23.000000 
 9,1100,+51,22.000000 
 9,1100,+52,22.000000 
 9,1100,+53,22.000000 
 9,1100,+54,21.000000 
 9,1100,+55,21.000000 
 9,1100,+56,21.000000 
 9,1100,+57,21.000000 
 9,1100,+58,21.000000 
 9,1100,+59,23.000000 
 9,1100,+60,23.000000 
 9,1100,+61,24.000000 
 9,1100,+62,25.000000 
 9,1100,+63,26.000000 
 9,1100,+64,26.000000 
 9,1100,+65,26.000000 
 9,1100,+66,27.000000 
 9,1100,+67,27.000000 
 9,1100,+68,27.000000 
 9,1100,+69,26.000000 
 9,1100,+70,26.000000 
 9,1100,+71,25.000000 
 9,1100,+72,24.000000 
 9,1100,+73,23.000000 
 9,1100,+74,23.000000 
 9,1100,+75,23.000000 
 9,1100,+76,22.000000 
 9,1100,+79,24.000000 
 9,1100,+82,24.000000 
 9,1100,+85,29.000000 
 9,1100,+88,32.000000 
 9,1100,+91,31.000000 
 9,1100,+94,31.000000 
 9,1100,+97,27.000000 
 9,1100,+100,25.000000 
 9,1400,+6,22.000000 
 9,1400,+7,22.000000 
 9,1400,+8,23.000000 
 9,1400,+9,24.000000 
 9,1400,+10,25.000000 
 9,1400,+11,25.000000 
 9,1400,+12,26.000000 
 9,1400,+13,26.000000 
 9,1400,+14,26.000000 
 9,1400,+15,26.000000 
 9,1400,+16,25.000000 
 9,1400,+17,25.000000 
 9,1400,+18,25.000000 
 9,1400,+19,24.000000 
 9,1400,+20,24.000000 
 9,1400,+21,24.000000 
 9,1400,+22,23.000000 
 9,1400,+23,23.000000 
 9,1400,+24,23.000000 
 9,1400,+25,22.000000 
 9,1400,+26,22.000000 
 9,1400,+27,22.000000 
 9,1400,+28,22.000000 
 9,1400,+29,22.000000 
 9,1400,+30,22.000000 
 9,1400,+31,22.000000 
 9,1400,+32,23.000000 
 9,1400,+33,23.000000 
 9,1400,+34,24.000000 
 9,1400,+35,24.000000 
 9,1400,+36,25.000000 
 9,1400,+37,25.000000 
 9,1400,+38,25.000000 
 9,1400,+39,25.000000 
 9,1400,+40,25.000000 
 9,1400,+41,25.000000 
 9,1400,+42,25.000000 
 9,1400,+43,24.000000 
 9,1400,+44,24.000000 
 9,1400,+45,23.000000 
 9,1400,+46,23.000000 
 9,1400,+47,23.000000 
 9,1400,+48,22.000000 
 9,1400,+49,22.000000 
 9,1400,+50,22.000000 
 9,1400,+51,21.000000 
 9,1400,+52,21.000000 
 9,1400,+53,21.000000 
 9,1400,+54,21.000000 
 9,1400,+55,21.000000 
 9,1400,+56,23.000000 
 9,1400,+57,23.000000 
 9,1400,+58,24.000000 
 9,1400,+59,25.000000 
 9,1400,+60,26.000000 
 9,1400,+61,26.000000 
 9,1400,+62,26.000000 
 9,1400,+63,27.000000 
 9,1400,+64,27.000000 
 9,1400,+65,27.000000 
 9,1400,+66,26.000000 
 9,1400,+67,26.000000 
 9,1400,+68,25.000000 
 9,1400,+69,24.000000 
 9,1400,+70,23.000000 
 9,1400,+71,23.000000 
 9,1400,+72,23.000000 
 9,1400,+73,22.000000 
 9,1400,+76,24.000000 
 9,1400,+79,24.000000 
 9,1400,+82,29.000000 
 9,1400,+85,32.000000 
 9,1400,+88,31.000000 
 9,1400,+91,31.000000 
 9,1400,+94,27.000000 
 9,1400,+97,25.000000 
 9,1700,+6,24.000000 
 9,1700,+7,25.000000 
 9,1700,+8,25.000000 
 9,1700,+9,26.000000 
 9,1700,+10,26.000000 
 9,1700,+11,26.000000 
 9,1700,+12,26.000000 
 9,1700,+13,25.000000 
 9,1700,+14,25.000000 
 9,1700,+15,25.000000 
 9,1700,+16,24.000000 
 9,1700,+17,24.000000 
 9,1700,+18,24.000000 
 9,1700,+19,23.000000 
 9,1700,+20,23.000000 
 9,1700,+21,23.000000 
 9,1700,+22,22.000000 
 9,1700,+23,22.000000 
 9,1700,+24,22.000000 
 9,1700,+25,22.000000 
 9,1700,+26,22.000000 
 9,1700,+27,22.000000 
 9,1700,+28,22.000000 
 9,1700,+29,23.000000 
 9,1700,+30,23.000000 
 9,1700,+31,24.000000 
 9,1700,+32,24.000000 
 9,1700,+33,25.000000 
 9,1700,+34,25.000000 
 9,1700,+35,25.000000 
 9,1700,+36,25.000000 
 9,1700,+37,25.000000 
 9,1700,+38,25.000000 
 9,1700,+39,25.000000 
 9,1700,+40,24.000000 
 9,1700,+41,24.000000 
 9,1700,+42,23.000000 
 9,1700,+43,23.000000 
 9,1700,+44,23.000000 
 9,1700,+45,22.000000 
 9,1700,+46,22.000000 
 9,1700,+47,22.000000 
 9,1700,+48,21.000000 
 9,1700,+49,21.000000 
 9,1700,+50,21.000000 
 9,1700,+51,21.000000 
 9,1700,+52,21.000000 
 9,1700,+53,23.000000 
 9,1700,+54,23.000000 
 9,1700,+55,24.000000 
 9,1700,+56,25.000000 
 9,1700,+57,26.000000 
 9,1700,+58,26.000000 
 9,1700,+59,26.000000 
 9,1700,+60,27.000000 
 9,1700,+61,27.000000 
 9,1700,+62,27.000000 
 9,1700,+63,26.000000 
 9,1700,+64,26.000000 
 9,1700,+65,25.000000 
 9,1700,+66,24.000000 
 9,1700,+67,23.000000 
 9,1700,+68,23.000000 
 9,1700,+69,23.000000 
 9,1700,+70,22.000000 
 9,1700,+73,24.000000 
 9,1700,+76,24.000000 
 9,1700,+79,29.000000 
 9,1700,+82,32.000000 
 9,1700,+85,31.000000 
 9,1700,+88,31.000000 
 9,1700,+91,27.000000 
 9,1700,+94,25.000000 
 9,2000,+6,27.000000 
 9,2000,+7,27.000000 
 9,2000,+8,27.000000 
 9,2000,+9,27.000000 
 9,2000,+10,27.000000 
 9,2000,+11,27.000000 
 9,2000,+12,26.000000 
 9,2000,+13,25.000000 
 9,2000,+14,25.000000 
 9,2000,+15,24.000000 
 9,2000,+16,24.000000 
 9,2000,+17,23.000000 
 9,2000,+18,23.000000 
 9,2000,+19,23.000000 
 9,2000,+20,23.000000 
 9,2000,+21,22.000000 
 9,2000,+22,22.000000 
 9,2000,+23,22.000000 
 9,2000,+24,22.000000 
 9,2000,+25,23.000000 
 9,2000,+26,23.000000 
 9,2000,+27,23.000000 
 9,2000,+28,24.000000 
 9,2000,+29,25.000000 
 9,2000,+30,25.000000 
 9,2000,+31,25.000000 
 9,2000,+32,25.000000 
 9,2000,+33,25.000000 
 9,2000,+34,25.000000 
 9,2000,+35,25.000000 
 9,2000,+36,25.000000 
 9,2000,+37,24.000000 
 9,2000,+38,24.000000 
 9,2000,+39,24.000000 
 9,2000,+40,23.000000 
 9,2000,+41,23.000000 
 9,2000,+42,23.000000 
 9,2000,+43,22.000000 
 9,2000,+44,22.000000 
 9,2000,+45,22.000000 
 9,2000,+46,22.000000 
 9,2000,+47,22.000000 
 9,2000,+48,22.000000 
 9,2000,+49,22.000000 
 9,2000,+50,23.000000 
 9,2000,+51,24.000000 
 9,2000,+52,25.000000 
 9,2000,+53,26.000000 
 9,2000,+54,27.000000 
 9,2000,+55,27.000000 
 9,2000,+56,27.000000 
 9,2000,+57,28.000000 
 9,2000,+58,28.000000 
 9,2000,+59,28.000000 
 9,2000,+60,27.000000 
 9,2000,+61,26.000000 
 9,2000,+62,26.000000 
 9,2000,+63,25.000000 
 9,2000,+64,24.000000 
 9,2000,+65,24.000000 
 9,2000,+66,24.000000 
 9,2000,+67,24.000000 
 9,2000,+70,25.000000 
 9,2000,+73,25.000000 
 9,2000,+76,30.000000 
 9,2000,+79,32.000000 
 9,2000,+82,32.000000 
 9,2000,+85,31.000000 
 9,2000,+88,28.000000 
 9,2000,+91,26.000000 
 9,2300,+6,27.000000 
 9,2300,+7,27.000000 
 9,2300,+8,27.000000 
 9,2300,+9,26.000000 
 9,2300,+10,25.000000 
 9,2300,+11,25.000000 
 9,2300,+12,24.000000 
 9,2300,+13,24.000000 
 9,2300,+14,23.000000 
 9,2300,+15,23.000000 
 9,2300,+16,23.000000 
 9,2300,+17,23.000000 
 9,2300,+18,22.000000 
 9,2300,+19,22.000000 
 9,2300,+20,22.000000 
 9,2300,+21,22.000000 
 9,2300,+22,23.000000 
 9,2300,+23,23.000000 
 9,2300,+24,23.000000 
 9,2300,+25,24.000000 
 9,2300,+26,25.000000 
 9,2300,+27,25.000000 
 9,2300,+28,25.000000 
 9,2300,+29,25.000000 
 9,2300,+30,25.000000 
 9,2300,+31,25.000000 
 9,2300,+32,25.000000 
 9,2300,+33,25.000000 
 9,2300,+34,24.000000 
 9,2300,+35,24.000000 
 9,2300,+36,24.000000 
 9,2300,+37,23.000000 
 9,2300,+38,23.000000 
 9,2300,+39,23.000000 
 9,2300,+40,22.000000 
 9,2300,+41,22.000000 
 9,2300,+42,22.000000 
 9,2300,+43,22.000000 
 9,2300,+44,22.000000 
 9,2300,+45,22.000000 
 9,2300,+46,22.000000 
 9,2300,+47,23.000000 
 9,2300,+48,24.000000 
 9,2300,+49,25.000000 
 9,2300,+50,26.000000 
 9,2300,+51,27.000000 
 9,2300,+52,27.000000 
 9,2300,+53,27.000000 
 9,2300,+54,28.000000 
 9,2300,+55,28.000000 
 9,2300,+56,28.000000 
 9,2300,+57,27.000000 
 9,2300,+58,26.000000 
 9,2300,+59,26.000000 
 9,2300,+60,25.000000 
 9,2300,+61,24.000000 
 9,2300,+62,24.000000 
 9,2300,+63,24.000000 
 9,2300,+64,24.000000 
 9,2300,+67,25.000000 
 9,2300,+70,25.000000 
 9,2300,+73,30.000000 
 9,2300,+76,32.000000 
 9,2300,+79,32.000000 
 9,2300,+82,31.000000 
 9,2300,+85,28.000000 
 9,2300,+88,26.000000 
 Start : 20250710 
 10,0200,+6,-999.900024 
 10,0200,+7,-999.900024 
 10,0200,+8,-999.900024 
 10,0200,+9,-999.900024 
 10,0200,+10,-999.900024 
 10,0200,+11,-999.900024 
 10,0200,+12,-999.900024 
 10,0200,+13,-999.900024 
 10,0200,+14,-999.900024 
 10,0200,+15,-999.900024 
 10,0200,+16,-999.900024 
 10,0200,+17,-999.900024 
 10,0200,+18,-999.900024 
 10,0200,+19,-999.900024 
 10,0200,+20,-999.900024 
 10,0200,+21,-999.900024 
 10,0200,+22,-999.900024 
 10,0200,+23,-999.900024 
 10,0200,+24,-999.900024 
 10,0200,+25,-999.900024 
 10,0200,+26,-999.900024 
 10,0200,+27,-999.900024 
 10,0200,+28,-999.900024 
 10,0200,+29,-999.900024 
 10,0200,+30,-999.900024 
 10,0200,+31,-999.900024 
 10,0200,+32,-999.900024 
 10,0200,+33,-999.900024 
 10,0200,+34,-999.900024 
 10,0200,+35,-999.900024 
 10,0200,+36,-999.900024 
 10,0200,+37,-999.900024 
 10,0200,+38,-999.900024 
 10,0200,+39,-999.900024 
 10,0200,+40,-999.900024 
 10,0200,+41,-999.900024 
 10,0200,+42,-999.900024 
 10,0200,+43,-999.900024 
 10,0200,+44,-999.900024 
 10,0200,+45,-999.900024 
 10,0200,+46,-999.900024 
 10,0200,+47,-999.900024 
 10,0200,+48,-999.900024 
 10,0200,+49,-999.900024 
 10,0200,+50,-999.900024 
 10,0200,+51,-999.900024 
 10,0200,+52,-999.900024 
 10,0200,+53,-999.900024 
 10,0200,+54,-999.900024 
 10,0200,+55,-999.900024 
 10,0200,+56,-999.900024 
 10,0200,+57,-999.900024 
 10,0200,+58,-999.900024 
 10,0200,+59,-999.900024 
 10,0200,+60,-999.900024 
 10,0200,+61,-999.900024 
 10,0200,+64,-999.900024 
 10,0200,+67,-999.900024 
 10,0200,+70,-999.900024 
 10,0200,+73,-999.900024 
 10,0200,+76,-999.900024 
 10,0200,+79,-999.900024 
 10,0200,+82,-999.900024 
 10,0200,+85,-999.900024 
 10,0500,+6,-999.900024 
 10,0500,+7,-999.900024 
 10,0500,+8,-999.900024 
 10,0500,+9,-999.900024 
 10,0500,+10,-999.900024 
 10,0500,+11,-999.900024 
 10,0500,+12,-999.900024 
 10,0500,+13,-999.900024 
 10,0500,+14,-999.900024 
 10,0500,+15,-999.900024 
 10,0500,+16,-999.900024 
 10,0500,+17,-999.900024 
 10,0500,+18,-999.900024 
 10,0500,+19,-999.900024 
 10,0500,+20,-999.900024 
 10,0500,+21,-999.900024 
 10,0500,+22,-999.900024 
 10,0500,+23,-999.900024 
 10,0500,+24,-999.900024 
 10,0500,+25,-999.900024 
 10,0500,+26,-999.900024 
 10,0500,+27,-999.900024 
 10,0500,+28,-999.900024 
 10,0500,+29,-999.900024 
 10,0500,+30,-999.900024 
 10,0500,+31,-999.900024 
 10,0500,+32,-999.900024 
 10,0500,+33,-999.900024 
 10,0500,+34,-999.900024 
 10,0500,+35,-999.900024 
 10,0500,+36,-999.900024 
 10,0500,+37,-999.900024 
 10,0500,+38,-999.900024 
 10,0500,+39,-999.900024 
 10,0500,+40,-999.900024 
 10,0500,+41,-999.900024 
 10,0500,+42,-999.900024 
 10,0500,+43,-999.900024 
 10,0500,+44,-999.900024 
 10,0500,+45,-999.900024 
 10,0500,+46,-999.900024 
 10,0500,+47,-999.900024 
 10,0500,+48,-999.900024 
 10,0500,+49,-999.900024 
 10,0500,+50,-999.900024 
 10,0500,+51,-999.900024 
 10,0500,+52,-999.900024 
 10,0500,+53,-999.900024 
 10,0500,+54,-999.900024 
 10,0500,+55,-999.900024 
 10,0500,+56,-999.900024 
 10,0500,+57,-999.900024 
 10,0500,+58,-999.900024 
 10,0500,+61,-999.900024 
 10,0500,+64,-999.900024 
 10,0500,+67,-999.900024 
 10,0500,+70,-999.900024 
 10,0500,+73,-999.900024 
 10,0500,+76,-999.900024 
 10,0500,+79,-999.900024 
 10,0500,+82,-999.900024 
 10,0800,+6,-999.900024 
 10,0800,+7,-999.900024 
 10,0800,+8,-999.900024 
 10,0800,+9,-999.900024 
 10,0800,+10,-999.900024 
 10,0800,+11,-999.900024 
 10,0800,+12,-999.900024 
 10,0800,+13,-999.900024 
 10,0800,+14,-999.900024 
 10,0800,+15,-999.900024 
 10,0800,+16,-999.900024 
 10,0800,+17,-999.900024 
 10,0800,+18,-999.900024 
 10,0800,+19,-999.900024 
 10,0800,+20,-999.900024 
 10,0800,+21,-999.900024 
 10,0800,+22,-999.900024 
 10,0800,+23,-999.900024 
 10,0800,+24,-999.900024 
 10,0800,+25,-999.900024 
 10,0800,+26,-999.900024 
 10,0800,+27,-999.900024 
 10,0800,+28,-999.900024 
 10,0800,+29,-999.900024 
 10,0800,+30,-999.900024 
 10,0800,+31,-999.900024 
 10,0800,+32,-999.900024 
 10,0800,+33,-999.900024 
 10,0800,+34,-999.900024 
 10,0800,+35,-999.900024 
 10,0800,+36,-999.900024 
 10,0800,+37,-999.900024 
 10,0800,+38,-999.900024 
 10,0800,+39,-999.900024 
 10,0800,+40,-999.900024 
 10,0800,+41,-999.900024 
 10,0800,+42,-999.900024 
 10,0800,+43,-999.900024 
 10,0800,+44,-999.900024 
 10,0800,+45,-999.900024 
 10,0800,+46,-999.900024 
 10,0800,+47,-999.900024 
 10,0800,+48,-999.900024 
 10,0800,+49,-999.900024 
 10,0800,+50,-999.900024 
 10,0800,+51,-999.900024 
 10,0800,+52,-999.900024 
 10,0800,+53,-999.900024 
 10,0800,+54,-999.900024 
 10,0800,+55,-999.900024 
 10,0800,+56,-999.900024 
 10,0800,+57,-999.900024 
 10,0800,+58,-999.900024 
 10,0800,+59,-999.900024 
 10,0800,+60,-999.900024 
 10,0800,+61,-999.900024 
 10,0800,+62,-999.900024 
 10,0800,+63,-999.900024 
 10,0800,+64,-999.900024 
 10,0800,+65,-999.900024 
 10,0800,+66,-999.900024 
 10,0800,+67,-999.900024 
 10,0800,+68,-999.900024 
 10,0800,+69,-999.900024 
 10,0800,+70,-999.900024 
 10,0800,+71,-999.900024 
 10,0800,+72,-999.900024 
 10,0800,+73,-999.900024 
 10,0800,+74,-999.900024 
 10,0800,+75,-999.900024 
 10,0800,+76,-999.900024 
 10,0800,+77,-999.900024 
 10,0800,+78,-999.900024 
 10,0800,+79,-999.900024 
 10,0800,+82,-999.900024 
 10,0800,+85,-999.900024 
 10,0800,+88,-999.900024 
 10,0800,+91,-999.900024 
 10,0800,+94,-999.900024 
 10,0800,+97,-999.900024 
 10,0800,+100,-999.900024 
 10,0800,+103,-999.900024 
 10,1100,+6,-999.900024 
 10,1100,+7,-999.900024 
 10,1100,+8,-999.900024 
 10,1100,+9,-999.900024 
 10,1100,+10,-999.900024 
 10,1100,+11,-999.900024 
 10,1100,+12,-999.900024 
 10,1100,+13,-999.900024 
 10,1100,+14,-999.900024 
 10,1100,+15,-999.900024 
 10,1100,+16,-999.900024 
 10,1100,+17,-999.900024 
 10,1100,+18,-999.900024 
 10,1100,+19,-999.900024 
 10,1100,+20,-999.900024 
 10,1100,+21,-999.900024 
 10,1100,+22,-999.900024 
 10,1100,+23,-999.900024 
 10,1100,+24,-999.900024 
 10,1100,+25,-999.900024 
 10,1100,+26,-999.900024 
 10,1100,+27,-999.900024 
 10,1100,+28,-999.900024 
 10,1100,+29,-999.900024 
 10,1100,+30,-999.900024 
 10,1100,+31,-999.900024 
 10,1100,+32,-999.900024 
 10,1100,+33,-999.900024 
 10,1100,+34,-999.900024 
 10,1100,+35,-999.900024 
 10,1100,+36,-999.900024 
 10,1100,+37,-999.900024 
 10,1100,+38,-999.900024 
 10,1100,+39,-999.900024 
 10,1100,+40,-999.900024 
 10,1100,+41,-999.900024 
 10,1100,+42,-999.900024 
 10,1100,+43,-999.900024 
 10,1100,+44,-999.900024 
 10,1100,+45,-999.900024 
 10,1100,+46,-999.900024 
 10,1100,+47,-999.900024 
 10,1100,+48,-999.900024 
 10,1100,+49,-999.900024 
 10,1100,+50,-999.900024 
 10,1100,+51,-999.900024 
 10,1100,+52,-999.900024 
 10,1100,+53,-999.900024 
 10,1100,+54,-999.900024 
 10,1100,+55,-999.900024 
 10,1100,+56,-999.900024 
 10,1100,+57,-999.900024 
 10,1100,+58,-999.900024 
 10,1100,+59,-999.900024 
 10,1100,+60,-999.900024 
 10,1100,+61,-999.900024 
 10,1100,+62,-999.900024 
 10,1100,+63,-999.900024 
 10,1100,+64,-999.900024 
 10,1100,+65,-999.900024 
 10,1100,+66,-999.900024 
 10,1100,+67,-999.900024 
 10,1100,+68,-999.900024 
 10,1100,+69,-999.900024 
 10,1100,+70,-999.900024 
 10,1100,+71,-999.900024 
 10,1100,+72,-999.900024 
 10,1100,+73,-999.900024 
 10,1100,+74,-999.900024 
 10,1100,+75,-999.900024 
 10,1100,+76,-999.900024 
 10,1100,+79,-999.900024 
 10,1100,+82,-999.900024 
 10,1100,+85,-999.900024 
 10,1100,+88,-999.900024 
 10,1100,+91,-999.900024 
 10,1100,+94,-999.900024 
 10,1100,+97,-999.900024 
 10,1100,+100,-999.900024 
 10,1400,+6,-999.900024 
 10,1400,+7,-999.900024 
 10,1400,+8,-999.900024 
 10,1400,+9,-999.900024 
 10,1400,+10,-999.900024 
 10,1400,+11,-999.900024 
 10,1400,+12,-999.900024 
 10,1400,+13,-999.900024 
 10,1400,+14,-999.900024 
 10,1400,+15,-999.900024 
 10,1400,+16,-999.900024 
 10,1400,+17,-999.900024 
 10,1400,+18,-999.900024 
 10,1400,+19,-999.900024 
 10,1400,+20,-999.900024 
 10,1400,+21,-999.900024 
 10,1400,+22,-999.900024 
 10,1400,+23,-999.900024 
 10,1400,+24,-999.900024 
 10,1400,+25,-999.900024 
 10,1400,+26,-999.900024 
 10,1400,+27,-999.900024 
 10,1400,+28,-999.900024 
 10,1400,+29,-999.900024 
 10,1400,+30,-999.900024 
 10,1400,+31,-999.900024 
 10,1400,+32,-999.900024 
 10,1400,+33,-999.900024 
 10,1400,+34,-999.900024 
 10,1400,+35,-999.900024 
 10,1400,+36,-999.900024 
 10,1400,+37,-999.900024 
 10,1400,+38,-999.900024 
 10,1400,+39,-999.900024 
 10,1400,+40,-999.900024 
 10,1400,+41,-999.900024 
 10,1400,+42,-999.900024 
 10,1400,+43,-999.900024 
 10,1400,+44,-999.900024 
 10,1400,+45,-999.900024 
 10,1400,+46,-999.900024 
 10,1400,+47,-999.900024 
 10,1400,+48,-999.900024 
 10,1400,+49,-999.900024 
 10,1400,+50,-999.900024 
 10,1400,+51,-999.900024 
 10,1400,+52,-999.900024 
 10,1400,+53,-999.900024 
 10,1400,+54,-999.900024 
 10,1400,+55,-999.900024 
 10,1400,+56,-999.900024 
 10,1400,+57,-999.900024 
 10,1400,+58,-999.900024 
 10,1400,+59,-999.900024 
 10,1400,+60,-999.900024 
 10,1400,+61,-999.900024 
 10,1400,+62,-999.900024 
 10,1400,+63,-999.900024 
 10,1400,+64,-999.900024 
 10,1400,+65,-999.900024 
 10,1400,+66,-999.900024 
 10,1400,+67,-999.900024 
 10,1400,+68,-999.900024 
 10,1400,+69,-999.900024 
 10,1400,+70,-999.900024 
 10,1400,+71,-999.900024 
 10,1400,+72,-999.900024 
 10,1400,+73,-999.900024 
 10,1400,+76,-999.900024 
 10,1400,+79,-999.900024 
 10,1400,+82,-999.900024 
 10,1400,+85,-999.900024 
 10,1400,+88,-999.900024 
 10,1400,+91,-999.900024 
 10,1400,+94,-999.900024 
 10,1400,+97,-999.900024 
 10,1700,+6,-999.900024 
 10,1700,+7,-999.900024 
 10,1700,+8,-999.900024 
 10,1700,+9,-999.900024 
 10,1700,+10,-999.900024 
 10,1700,+11,-999.900024 
 10,1700,+12,-999.900024 
 10,1700,+13,-999.900024 
 10,1700,+14,-999.900024 
 10,1700,+15,-999.900024 
 10,1700,+16,-999.900024 
 10,1700,+17,-999.900024 
 10,1700,+18,-999.900024 
 10,1700,+19,-999.900024 
 10,1700,+20,-999.900024 
 10,1700,+21,-999.900024 
 10,1700,+22,-999.900024 
 10,1700,+23,-999.900024 
 10,1700,+24,-999.900024 
 10,1700,+25,-999.900024 
 10,1700,+26,-999.900024 
 10,1700,+27,-999.900024 
 10,1700,+28,-999.900024 
 10,1700,+29,-999.900024 
 10,1700,+30,-999.900024 
 10,1700,+31,-999.900024 
 10,1700,+32,-999.900024 
 10,1700,+33,-999.900024 
 10,1700,+34,-999.900024 
 10,1700,+35,-999.900024 
 10,1700,+36,-999.900024 
 10,1700,+37,-999.900024 
 10,1700,+38,-999.900024 
 10,1700,+39,-999.900024 
 10,1700,+40,-999.900024 
 10,1700,+41,-999.900024 
 10,1700,+42,-999.900024 
 10,1700,+43,-999.900024 
 10,1700,+44,-999.900024 
 10,1700,+45,-999.900024 
 10,1700,+46,-999.900024 
 10,1700,+47,-999.900024 
 10,1700,+48,-999.900024 
 10,1700,+49,-999.900024 
 10,1700,+50,-999.900024 
 10,1700,+51,-999.900024 
 10,1700,+52,-999.900024 
 10,1700,+53,-999.900024 
 10,1700,+54,-999.900024 
 10,1700,+55,-999.900024 
 10,1700,+56,-999.900024 
 10,1700,+57,-999.900024 
 10,1700,+58,-999.900024 
 10,1700,+59,-999.900024 
 10,1700,+60,-999.900024 
 10,1700,+61,-999.900024 
 10,1700,+62,-999.900024 
 10,1700,+63,-999.900024 
 10,1700,+64,-999.900024 
 10,1700,+65,-999.900024 
 10,1700,+66,-999.900024 
 10,1700,+67,-999.900024 
 10,1700,+68,-999.900024 
 10,1700,+69,-999.900024 
 10,1700,+70,-999.900024 
 10,1700,+73,-999.900024 
 10,1700,+76,-999.900024 
 10,1700,+79,-999.900024 
 10,1700,+82,-999.900024 
 10,1700,+85,-999.900024 
 10,1700,+88,-999.900024 
 10,1700,+91,-999.900024 
 10,1700,+94,-999.900024 
 10,2000,+6,-999.900024 
 10,2000,+7,-999.900024 
 10,2000,+8,-999.900024 
 10,2000,+9,-999.900024 
 10,2000,+10,-999.900024 
 10,2000,+11,-999.900024 
 10,2000,+12,-999.900024 
 10,2000,+13,-999.900024 
 10,2000,+14,-999.900024 
 10,2000,+15,-999.900024 
 10,2000,+16,-999.900024 
 10,2000,+17,-999.900024 
 10,2000,+18,-999.900024 
 10,2000,+19,-999.900024 
 10,2000,+20,-999.900024 
 10,2000,+21,-999.900024 
 10,2000,+22,-999.900024 
 10,2000,+23,-999.900024 
 10,2000,+24,-999.900024 
 10,2000,+25,-999.900024 
 10,2000,+26,-999.900024 
 10,2000,+27,-999.900024 
 10,2000,+28,-999.900024 
 10,2000,+29,-999.900024 
 10,2000,+30,-999.900024 
 10,2000,+31,-999.900024 
 10,2000,+32,-999.900024 
 10,2000,+33,-999.900024 
 10,2000,+34,-999.900024 
 10,2000,+35,-999.900024 
 10,2000,+36,-999.900024 
 10,2000,+37,-999.900024 
 10,2000,+38,-999.900024 
 10,2000,+39,-999.900024 
 10,2000,+40,-999.900024 
 10,2000,+41,-999.900024 
 10,2000,+42,-999.900024 
 10,2000,+43,-999.900024 
 10,2000,+44,-999.900024 
 10,2000,+45,-999.900024 
 10,2000,+46,-999.900024 
 10,2000,+47,-999.900024 
 10,2000,+48,-999.900024 
 10,2000,+49,-999.900024 
 10,2000,+50,-999.900024 
 10,2000,+51,-999.900024 
 10,2000,+52,-999.900024 
 10,2000,+53,-999.900024 
 10,2000,+54,-999.900024 
 10,2000,+55,-999.900024 
 10,2000,+56,-999.900024 
 10,2000,+57,-999.900024 
 10,2000,+58,-999.900024 
 10,2000,+59,-999.900024 
 10,2000,+60,-999.900024 
 10,2000,+61,-999.900024 
 10,2000,+62,-999.900024 
 10,2000,+63,-999.900024 
 10,2000,+64,-999.900024 
 10,2000,+65,-999.900024 
 10,2000,+66,-999.900024 
 10,2000,+67,-999.900024 
 10,2000,+70,-999.900024 
 10,2000,+73,-999.900024 
 10,2000,+76,-999.900024 
 10,2000,+79,-999.900024 
 10,2000,+82,-999.900024 
 10,2000,+85,-999.900024 
 10,2000,+88,-999.900024 
 10,2000,+91,-999.900024 
 10,2300,+6,-999.900024 
 10,2300,+7,-999.900024 
 10,2300,+8,-999.900024 
 10,2300,+9,-999.900024 
 10,2300,+10,-999.900024 
 10,2300,+11,-999.900024 
 10,2300,+12,-999.900024 
 10,2300,+13,-999.900024 
 10,2300,+14,-999.900024 
 10,2300,+15,-999.900024 
 10,2300,+16,-999.900024 
 10,2300,+17,-999.900024 
 10,2300,+18,-999.900024 
 10,2300,+19,-999.900024 
 10,2300,+20,-999.900024 
 10,2300,+21,-999.900024 
 10,2300,+22,-999.900024 
 10,2300,+23,-999.900024 
 10,2300,+24,-999.900024 
 10,2300,+25,-999.900024 
 10,2300,+26,-999.900024 
 10,2300,+27,-999.900024 
 10,2300,+28,-999.900024 
 10,2300,+29,-999.900024 
 10,2300,+30,-999.900024 
 10,2300,+31,-999.900024 
 10,2300,+32,-999.900024 
 10,2300,+33,-999.900024 
 10,2300,+34,-999.900024 
 10,2300,+35,-999.900024 
 10,2300,+36,-999.900024 
 10,2300,+37,-999.900024 
 10,2300,+38,-999.900024 
 10,2300,+39,-999.900024 
 10,2300,+40,-999.900024 
 10,2300,+41,-999.900024 
 10,2300,+42,-999.900024 
 10,2300,+43,-999.900024 
 10,2300,+44,-999.900024 
 10,2300,+45,-999.900024 
 10,2300,+46,-999.900024 
 10,2300,+47,-999.900024 
 10,2300,+48,-999.900024 
 10,2300,+49,-999.900024 
 10,2300,+50,-999.900024 
 10,2300,+51,-999.900024 
 10,2300,+52,-999.900024 
 10,2300,+53,-999.900024 
 10,2300,+54,-999.900024 
 10,2300,+55,-999.900024 
 10,2300,+56,-999.900024 
 10,2300,+57,-999.900024 
 10,2300,+58,-999.900024 
 10,2300,+59,-999.900024 
 10,2300,+60,-999.900024 
 10,2300,+61,-999.900024 
 10,2300,+62,-999.900024 
 10,2300,+63,-999.900024 
 10,2300,+64,-999.900024 
 10,2300,+67,-999.900024 
 10,2300,+70,-999.900024 
 10,2300,+73,-999.900024 
 10,2300,+76,-999.900024 
 10,2300,+79,-999.900024 
 10,2300,+82,-999.900024 
 10,2300,+85,-999.900024 
 10,2300,+88,-999.900024 
 